NClients,Type,TotalCalls,Time,MicrosPerCall,Latency,ThroughputWrong,Size,Throughput
1,Sequence,100000,10200602.981,102.00603,51.00301,313706.94516,4,313706.94516
1,Vector,10,142690.101,14269.0101,7134.50505,897048913.01465,1600000,897048913.01465
1,Hashmap,10,830542.579,83054.2579,41527.12895,32535646.79674,168889,16267823.39837
2,Sequence,200000,23795450.83,118.97725,59.48863,268958.97227,4,268958.97227
2,Vector,20,555381.6,27769.08,13884.54,460944330.88889,1600000,460944330.88889
2,Hashmap,20,2059896.882,102994.8441,51497.42205,26236497.79378,168889,13118248.89689
3,Sequence,300000,31488788.819,104.96263,52.48131,304870.41134,4,304870.41134
3,Vector,30,1090709.785,36356.99283,18178.49642,352064321.12462,1600000,352064321.12462
3,Hashmap,30,2743321.335,91444.0445,45722.02225,29550573.95783,168889,14775286.978915
4,Sequence,400000,45834701.852,114.58675,57.29338,279264.38883,4,279264.38883
4,Vector,40,1882029.873,47050.74682,23525.37341,272046691.36514,1600000,272046691.36514
4,Hashmap,40,4064783.954,101619.59885,50809.79943,26591563.34585,168889,13295781.672925
5,Sequence,500000,55021870.153,110.04374,55.02187,290793.46005,4,290793.46005
5,Vector,50,3144684.435,62893.6887,31446.84435,203518035.98379,1600000,203518035.98379
5,Hashmap,50,5247418.251,104948.36502,52474.18251,25748128.61053,168889,12874064.305265
6,Sequence,600000,70229202.891,117.04867,58.52434,273390.54424,4,273390.54424
6,Vector,60,4414217.161,73570.28602,36785.14301,173983284.46216,1600000,173983284.46216
6,Hashmap,60,7339874.784,122331.2464,61165.6232,22089401.35511,168889,11044700.677555
7,Sequence,700000,80830569.262,115.47224,57.73612,277122.87819,4,277122.87819
7,Vector,70,5844352.991,83490.75701,41745.37851,153310383.78068,1600000,153310383.78068
7,Hashmap,70,9883703.733,141195.76761,70597.88381,19138137.39362,168889,9569068.69681
8,Sequence,800000,91639240.936,114.54905,57.27453,279356.30783,4,279356.30783
8,Vector,80,7763138.646,97039.23308,48519.61654,131905411.80501,1600000,131905411.80501
8,Hashmap,80,13285816.316,166072.70395,83036.35198,16271331.38516,168889,8135665.69258
9,Sequence,900000,108741542.979,120.82394,60.41197,264848.18231,4,264848.18231
9,Vector,90,9483481.05,105372.01167,52686.00583,121474382.02557,1600000,121474382.02557
9,Hashmap,90,15262193.883,169579.93203,84789.96602,15934810.01908,168889,7967405.00954
10,Sequence,1000000,124821282.335,124.82128,62.41064,256366.53783,4,256366.53783
10,Vector,100,11700659.155,117006.59155,58503.29578,109395546.27168,1600000,109395546.27168
10,Hashmap,100,18627217.321,186272.17321,93136.0866,14506858.18194,168889,7253429.09097
1,Sequence,100000,10812585.879,108.12586,54.06293,295951.40661,4,295951.40661
1,Vector,10,143694.284,14369.4284,7184.7142,890780039.65697,1600000,890780039.65697
1,Hashmap,10,930292.53,93029.253,46514.6265,29047035.34489,168889,14523517.672445
2,Sequence,200000,23394034.845,116.97017,58.48509,273574.01331,4,273574.01331
2,Vector,20,544908.734,27245.4367,13622.71835,469803444.18557,1600000,469803444.18557
2,Hashmap,20,1931101.38,96555.069,48277.5345,27986350.46286,168889,13993175.23143
3,Sequence,300000,31742612.792,105.80871,52.90435,302432.5711,4,302432.5711
3,Vector,30,1159072.102,38635.73673,19317.86837,331299493.22169,1600000,331299493.22169
3,Hashmap,30,3056311.564,101877.05213,50938.52607,26524363.86227,168889,13262181.931135
4,Sequence,400000,42081188.224,105.20297,52.60149,304173.92047,4,304173.92047
4,Vector,40,1903670.343,47591.75858,23795.87929,268954129.52283,1600000,268954129.52283
4,Hashmap,40,4800134.005,120003.35013,60001.67506,22517904.68504,168889,11258952.34252
5,Sequence,500000,52916090.05,105.83218,52.91609,302365.49951,4,302365.49951
5,Vector,50,2980136.842,59602.73684,29801.36842,214755239.08174,1600000,214755239.08174
5,Hashmap,50,5450394.852,109007.89704,54503.94852,24789249.89268,168889,12394624.94634
6,Sequence,600000,72383240.735,120.63873,60.31937,265254.77175,4,265254.77175
6,Vector,60,4494966.047,74916.10078,37458.05039,170857797.8053,1600000,170857797.8053
6,Hashmap,60,7923901.61,132065.02683,66032.51342,20461314.13285,168889,10230657.066425
7,Sequence,700000,79133221.228,113.04746,56.52373,283066.95535,4,283066.95535
7,Vector,70,5935413.686,84791.62409,42395.81204,150958306.76696,1600000,150958306.76696
7,Hashmap,70,11484842.525,164069.17893,82034.58946,16470028.17742,168889,8235014.08871
8,Sequence,800000,98127864.559,122.65983,61.32992,260884.10377,4,260884.10377
8,Vector,80,7684135.749,96051.69686,48025.84843,133261570.7802,1600000,133261570.7802
8,Hashmap,80,13486342.761,168579.28451,84289.64226,16029395.35432,168889,8014697.67716
9,Sequence,900000,114364033.427,127.07115,63.53557,251827.42456,4,251827.42456
9,Vector,90,9634548.592,107050.53991,53525.26996,119569691.20033,1600000,119569691.20033
9,Hashmap,90,16070524.277,178561.38086,89280.69043,15133305.90888,168889,7566652.95444
10,Sequence,1000000,119513761.008,119.51376,59.75688,267751.59388,4,267751.59388
10,Vector,100,11350557.041,113505.57041,56752.7852,112769795.8238,1600000,112769795.8238
10,Hashmap,100,18266411.15,182664.1115,91332.05575,14793404.01248,168889,7396702.00624
1,Sequence,100000,10503274.4,105.03274,52.51637,304666.89512,4,304666.89512
1,Vector,10,144225.096,14422.5096,7211.2548,887501576.00866,1600000,887501576.00866
1,Hashmap,10,998266.466,99826.6466,49913.3233,27069165.31843,168889,13534582.659215
2,Sequence,200000,24182990.499,120.91495,60.45748,264648.82415,4,264648.82415
2,Vector,20,519535.013,25976.75065,12988.37532,492748310.68989,1600000,492748310.68989
2,Hashmap,20,2146356.963,107317.84815,53658.92408,25179632.71331,168889,12589816.356655
3,Sequence,300000,35150772.745,117.16924,58.58462,273109.21639,4,273109.21639
3,Vector,30,1090468.534,36348.95113,18174.47557,352142210.46015,1600000,352142210.46015
3,Hashmap,30,3453359.621,115111.98737,57555.99368,23474740.22312,168889,11737370.11156
4,Sequence,400000,45871466.055,114.67867,57.33933,279040.56924,4,279040.56924
4,Vector,40,1904994.688,47624.8672,23812.4336,268767153.64363,1600000,268767153.64363
4,Hashmap,40,4105325.143,102633.12858,51316.56429,26328964.51193,168889,13164482.255965
5,Sequence,500000,55347958.436,110.69592,55.34796,289080.21998,4,289080.21998
5,Vector,50,2920839.868,58416.79736,29208.39868,219115058.99782,1600000,219115058.99782
5,Hashmap,50,5821003.887,116420.07774,58210.03887,23210979.17521,168889,11605489.587605
6,Sequence,600000,75588821.749,125.98137,62.99068,254005.81139,4,254005.81139
6,Vector,60,4560649.647,76010.82745,38005.41373,168397061.70045,1600000,168397061.70045
6,Hashmap,60,7813548.292,130225.80487,65112.90243,20750296.01673,168889,10375148.008365
7,Sequence,700000,79826777.899,114.03825,57.01913,280607.59296,4,280607.59296
7,Vector,70,5959368.89,85133.84129,42566.92064,150351491.33049,1600000,150351491.33049
7,Hashmap,70,10366563.539,148093.76484,74046.88242,18246710.13575,168889,9123355.067875
8,Sequence,800000,98526542.428,123.15818,61.57909,259828.46215,4,259828.46215
8,Vector,80,7779523.542,97244.04428,48622.02214,131627598.33191,1600000,131627598.33191
8,Hashmap,80,14476732.005,180959.15006,90479.57503,14932784.5487,168889,7466392.27435
9,Sequence,900000,105450075.728,117.16675,58.58338,273115.02435,4,273115.02435
9,Vector,90,10174740.508,113052.67231,56526.33616,113221560.69673,1600000,113221560.69673
9,Hashmap,90,15211233.926,169013.71029,84506.85514,15988194.06651,168889,7994097.033255
10,Sequence,1000000,116554762.196,116.55476,58.27738,274549.05657,4,274549.05657
10,Vector,100,11530793.2,115307.932,57653.966,111007107.47288,1600000,111007107.47288
10,Hashmap,100,19414797.878,194147.97878,97073.98939,13918373.07285,168889,6959186.536425
1,Sequence,100000,10677724.98,106.77725,53.38862,299689.30704,4,299689.30704
1,Vector,10,142275.423,14227.5423,7113.77115,899663464.7152,1600000,899663464.7152
1,Hashmap,10,801972.457,80197.2457,40098.62285,33694723.25906,168889,16847361.62953
2,Sequence,200000,20590010.9,102.95005,51.47503,310830.33569,4,310830.33569
2,Vector,20,507075.807,25353.79035,12676.89518,504855480.11956,1600000,504855480.11956
2,Hashmap,20,2048000.558,102400.0279,51200.01395,26388899.06006,168889,13194449.53003
3,Sequence,300000,31778029.306,105.92676,52.96338,302095.51094,4,302095.51094
3,Vector,30,1102102.519,36736.75063,18368.37532,348424936.31938,1600000,348424936.31938
3,Hashmap,30,2825053.265,94168.44217,47084.22108,28695643.01826,168889,14347821.50913
4,Sequence,400000,41469420.223,103.67355,51.83678,308661.17566,4,308661.17566
4,Vector,40,1965477.826,49136.94565,24568.47282,260496451.91978,1600000,260496451.91978
4,Hashmap,40,3913191.183,97829.77958,48914.88979,27621691.59267,168889,13810845.796335
5,Sequence,500000,53072643.384,106.14529,53.07264,301473.58375,4,301473.58375
5,Vector,50,2923880.845,58477.6169,29238.80845,218887168.77585,1600000,218887168.77585
5,Hashmap,50,5674429.088,113488.58176,56744.29088,23810536.33849,168889,11905268.169245
6,Sequence,600000,70295619.061,117.15937,58.57968,273132.24147,4,273132.24147
6,Vector,60,4184801.251,69746.68752,34873.34376,183521260.37443,1600000,183521260.37443
6,Hashmap,60,8749493.252,145824.88753,72912.44377,18530609.18276,168889,9265304.59138
7,Sequence,700000,77973178.11,111.39025,55.69513,287278.27367,4,287278.27367
7,Vector,70,5815352.941,83076.47059,41538.23529,154074913.26673,1600000,154074913.26673
7,Hashmap,70,10248633.512,146409.05017,73204.52509,18456673.25098,168889,9228336.62549
8,Sequence,800000,97735800.462,122.16975,61.08488,261930.63216,4,261930.63216
8,Vector,80,8077263.547,100965.79434,50482.89717,126775608.35319,1600000,126775608.35319
8,Hashmap,80,13882081.049,173526.01311,86763.00656,15572443.29845,168889,7786221.649225
9,Sequence,900000,109194011.308,121.32668,60.66334,263750.72822,4,263750.72822
9,Vector,90,9752232.784,108358.14204,54179.07102,118126794.70593,1600000,118126794.70593
9,Hashmap,90,15879079.966,176434.22184,88217.11092,15315758.88028,168889,7657879.44014
10,Sequence,1000000,128819340.392,128.81934,64.40967,248409.90415,4,248409.90415
10,Vector,100,12313549.131,123135.49131,61567.74566,103950533.38258,1600000,103950533.38258
10,Hashmap,100,19625041.158,196250.41158,98125.20579,13769265.3903,168889,6884632.69515
1,Sequence,100000,10993101.335,109.93101,54.96551,291091.64943,4,291091.64943
1,Vector,10,142851.423,14285.1423,7142.57115,896035876.38045,1600000,896035876.38045
1,Hashmap,10,1219859.277,121985.9277,60992.96385,22151932.20193,168889,11075966.100965
2,Sequence,200000,21630757.818,108.15379,54.07689,295874.9783,4,295874.9783
2,Vector,20,541850.654,27092.5327,13546.26635,472454906.36614,1600000,472454906.36614
2,Hashmap,20,1769321.088,88466.0544,44233.0272,30545320.66935,168889,15272660.334675
3,Sequence,300000,32540104.075,108.46701,54.23351,295020.5684,4,295020.5684
3,Vector,30,1073501.453,35783.38177,17891.69088,357707946.20434,1600000,357707946.20434
3,Hashmap,30,2907050.658,96901.6886,48450.8443,27886242.63458,168889,13943121.31729
4,Sequence,400000,45342186.196,113.35547,56.67773,282297.81301,4,282297.81301
4,Vector,40,1914243.294,47856.08235,23928.04118,267468613.63172,1600000,267468613.63172
4,Hashmap,40,4383432.206,109585.80515,54792.90258,24658522.117,168889,12329261.0585
5,Sequence,500000,63629824.241,127.25965,63.62982,251454.41137,4,251454.41137
5,Vector,50,3119254.044,62385.08088,31192.54044,205177260.6438,1600000,205177260.6438
5,Hashmap,50,5977267.569,119545.35138,59772.67569,22604174.64005,168889,11302087.320025
6,Sequence,600000,70393083.593,117.32181,58.6609,272754.06929,4,272754.06929
6,Vector,60,4492491.142,74874.85237,37437.42618,170951923.04778,1600000,170951923.04778
6,Hashmap,60,7774332.52,129572.20867,64786.10433,20854965.95147,168889,10427482.975735
7,Sequence,700000,79475270.036,113.5361,56.76805,281848.6806,4,281848.6806
7,Vector,70,5884430.738,84063.29626,42031.64813,152266215.69592,1600000,152266215.69592
7,Hashmap,70,10224767.054,146068.10077,73034.05039,18499754.46883,168889,9249877.234415
8,Sequence,800000,93809437.543,117.2618,58.6309,272893.65197,4,272893.65197
8,Vector,80,7445892.075,93073.65094,46536.82547,137525495.89567,1600000,137525495.89567
8,Hashmap,80,12526837.105,156585.46381,78292.73191,17257182.97348,168889,8628591.48674
9,Sequence,900000,105216502.467,116.90722,58.45361,273721.32056,4,273721.32056
9,Vector,90,9211478.093,102349.75659,51174.87829,125061362.39692,1600000,125061362.39692
9,Hashmap,90,15188678.13,168763.09033,84381.54517,16011937.17573,168889,8005968.587865
10,Sequence,1000000,115360255.894,115.36026,57.68013,277391.89509,4,277391.89509
10,Vector,100,12864644.93,128646.4493,64323.22465,99497499.30642,1600000,99497499.30642
10,Hashmap,100,19644098.557,196440.98557,98220.49279,13755907.36403,168889,6877953.682015
1,Sequence,100000,10138672.238,101.38672,50.69336,315623.18269,4,315623.18269
1,Vector,10,141611.72,14161.172,7080.586,903879989.59408,1600000,903879989.59408
1,Hashmap,10,820300.148,82030.0148,41015.0074,32941893.3617,168889,16470946.68085
2,Sequence,200000,21346230.862,106.73115,53.36558,299818.73809,4,299818.73809
2,Vector,20,552600.36,27630.018,13815.009,463264265.69827,1600000,463264265.69827
2,Hashmap,20,1877617.75,93880.8875,46940.44375,28783537.01119,168889,14391768.505595
3,Sequence,300000,33512901.206,111.70967,55.85484,286456.8466,4,286456.8466
3,Vector,30,1191904.122,39730.1374,19865.0687,322173564.89686,1600000,322173564.89686
3,Hashmap,30,2887666.8,96255.56,48127.78,28073432.84897,168889,14036716.424485
4,Sequence,400000,46454985.936,116.13746,58.06873,275535.54784,4,275535.54784
4,Vector,40,2042102.305,51052.55763,25526.27881,250722012.67605,1600000,250722012.67605
4,Hashmap,40,4096611.15,102415.27875,51207.63938,26384969.43992,168889,13192484.71996
5,Sequence,500000,57702363.774,115.40473,57.70236,277285.00106,4,277285.00106
5,Vector,50,2991885.053,59837.70106,29918.85053,213911961.40984,1600000,213911961.40984
5,Hashmap,50,5730109.665,114602.1933,57301.09665,23579164.78026,168889,11789582.39013
6,Sequence,600000,71350461.57,118.91744,59.45872,269094.26481,4,269094.26481
6,Vector,60,4268270.24,71137.83733,35568.91867,179932374.66614,1600000,179932374.66614
6,Hashmap,60,8118461.492,135307.69153,67653.84577,19970956.33942,168889,9985478.16971
7,Sequence,700000,82219018.078,117.45574,58.72787,272443.04935,4,272443.04935
7,Vector,70,5888592.3,84122.74714,42061.37357,152158606.73526,1600000,152158606.73526
7,Hashmap,70,12069364.595,172419.49421,86209.74711,15672380.97011,168889,7836190.485055
8,Sequence,800000,91463807.29,114.32976,57.16488,279892.13175,4,279892.13175
8,Vector,80,7730121.824,96626.5228,48313.2614,132468804.93148,1600000,132468804.93148
8,Hashmap,80,13322755.959,166534.44949,83267.22474,16226216.30729,168889,8113108.153645
9,Sequence,900000,105279928.296,116.9777,58.48885,273556.41732,4,273556.41732
9,Vector,90,9484000.41,105377.78233,52688.89117,121467729.88172,1600000,121467729.88172
9,Hashmap,90,15253415.63,169482.39589,84741.19794,15943980.41064,168889,7971990.20532
10,Sequence,1000000,118619388.044,118.61939,59.30969,269770.40202,4,269770.40202
10,Vector,100,12686679.79,126866.7979,63433.39895,100893221.96095,1600000,100893221.96095
10,Hashmap,100,19260605.37,192606.0537,96303.02685,14029797.85988,168889,7014898.92994
1,Sequence,100000,10071133.33,100.71133,50.35567,317739.81092,4,317739.81092
1,Vector,10,143479.98,14347.998,7173.999,892110523.01513,1600000,892110523.01513
1,Hashmap,10,909792.932,90979.2932,45489.6466,29701527.73181,168889,14850763.865905
2,Sequence,200000,22211793.633,111.05897,55.52948,288135.21797,4,288135.21797
2,Vector,20,543189.31,27159.4655,13579.73275,471290570.8693,1600000,471290570.8693
2,Hashmap,20,1998360.358,99918.0179,49959.00895,27044411.57654,168889,13522205.78827
3,Sequence,300000,33539366.531,111.79789,55.89894,286230.80854,4,286230.80854
3,Vector,30,1134068.643,37802.2881,18901.14405,338603842.34255,1600000,338603842.34255
3,Hashmap,30,2775574.457,92519.14857,46259.57428,29207186.20808,168889,14603593.10404
4,Sequence,400000,46236985.353,115.59246,57.79623,276834.65741,4,276834.65741
4,Vector,40,1870176.162,46754.40405,23377.20203,273771001.04434,1600000,273771001.04434
4,Hashmap,40,4241182.142,106029.55355,53014.77678,25485573.68702,168889,12742786.84351
5,Sequence,500000,56517725.506,113.03545,56.51773,283097.02588,4,283097.02588
5,Vector,50,2924028.904,58480.57808,29240.28904,218876085.36444,1600000,218876085.36444
5,Hashmap,50,5851551.369,117031.02738,58515.51369,23089808.40804,168889,11544904.20402
6,Sequence,600000,72435200.391,120.72533,60.36267,265064.4976,4,265064.4976
6,Vector,60,4320590.578,72009.84297,36004.92148,177753477.47842,1600000,177753477.47842
6,Hashmap,60,8356255.701,139270.92835,69635.46418,19402642.26005,168889,9701321.130025
7,Sequence,700000,83260502.507,118.94358,59.47179,269035.12861,4,269035.12861
7,Vector,70,5747037.451,82100.53501,41050.26751,155906413.98101,1600000,155906413.98101
7,Hashmap,70,11707697.982,167252.82831,83626.41416,16156521.99867,168889,8078260.999335
8,Sequence,800000,95568542.867,119.46068,59.73034,267870.56946,4,267870.56946
8,Vector,80,7722749.21,96534.36513,48267.18256,132595267.84504,1600000,132595267.84504
8,Hashmap,80,12745631.245,159320.39056,79660.19528,16960942.60414,168889,8480471.30207
9,Sequence,900000,99219054.218,110.24339,55.1217,290266.82654,4,290266.82654
9,Vector,90,9704092.543,107823.25048,53911.62524,118712800.28456,1600000,118712800.28456
9,Hashmap,90,15406341.37,171181.57078,85590.78539,15785717.98192,168889,7892858.99096
10,Sequence,1000000,119382680.544,119.38268,59.69134,268045.58127,4,268045.58127
10,Vector,100,11206627.642,112066.27642,56033.13821,114218125.28176,1600000,114218125.28176
10,Hashmap,100,18998047.972,189980.47972,94990.23986,14223692.8972,168889,7111846.4486
1,Sequence,100000,10423575.735,104.23576,52.11788,306996.37834,4,306996.37834
1,Vector,10,142322.782,14232.2782,7116.1391,899364094.77999,1600000,899364094.77999
1,Hashmap,10,955800.436,95580.0436,47790.0218,28271843.14028,168889,14135921.57014
2,Sequence,200000,22619411.346,113.09706,56.54853,282942.81854,4,282942.81854
2,Vector,20,525912.582,26295.6291,13147.81455,486772913.90606,1600000,486772913.90606
2,Hashmap,20,1908922.398,95446.1199,47723.05995,28311512.32581,168889,14155756.162905
3,Sequence,300000,39292142.503,130.97381,65.4869,244323.65833,4,244323.65833
3,Vector,30,1118856.194,37295.20647,18647.60323,343207645.50373,1600000,343207645.50373
3,Hashmap,30,2719503.741,90650.1247,45325.06235,29809379.84303,168889,14904689.921515
4,Sequence,400000,43507956.041,108.76989,54.38495,294199.06529,4,294199.06529
4,Vector,40,1938145.627,48453.64068,24226.82034,264170035.97016,1600000,264170035.97016
4,Hashmap,40,4953568.633,123839.21583,61919.60791,21820422.40819,168889,10910211.204095
5,Sequence,500000,53403888.723,106.80778,53.40389,299603.65027,4,299603.65027
5,Vector,50,2915156.411,58303.12822,29151.56411,219542250.83259,1600000,219542250.83259
5,Hashmap,50,5525308.219,110506.16438,55253.08219,24453151.68761,168889,12226575.843805
6,Sequence,600000,70322309.533,117.20385,58.60192,273028.57553,4,273028.57553
6,Vector,60,4184504.353,69741.73922,34870.86961,183534281.5331,1600000,183534281.5331
6,Hashmap,60,7496478.463,124941.30772,62470.65386,21627947.14882,168889,10813973.57441
7,Sequence,700000,82561578.846,117.94511,58.97256,271312.64098,4,271312.64098
7,Vector,70,5911950.36,84456.43371,42228.21686,151557429.51807,1600000,151557429.51807
7,Hashmap,70,10323975.027,147485.35753,73742.67876,18321981.55316,168889,9160990.77658
8,Sequence,800000,103229755.41,129.03719,64.5186,247990.51299,4,247990.51299
8,Vector,80,7575658.424,94695.7303,47347.86515,135169769.10626,1600000,135169769.10626
8,Hashmap,80,13109390.653,163867.38316,81933.69158,16490310.32198,168889,8245155.16099
9,Sequence,900000,109394652.354,121.54961,60.77481,263266.98225,4,263266.98225
9,Vector,90,9229363.764,102548.48627,51274.24313,124819004.80437,1600000,124819004.80437
9,Hashmap,90,15551561.967,172795.13297,86397.56648,15638310.83438,168889,7819155.41719
10,Sequence,1000000,125610234.683,125.61023,62.80512,254756.31091,4,254756.31091
10,Vector,100,12744132.562,127441.32562,63720.66281,100438377.72189,1600000,100438377.72189
10,Hashmap,100,19297891.271,192978.91271,96489.45636,14002690.56371,168889,7001345.281855
1,Sequence,100000,11201569.876,112.0157,56.00785,285674.24347,4,285674.24347
1,Vector,10,143373.271,14337.3271,7168.66355,892774497.6956,1600000,892774497.6956
1,Hashmap,10,995514.916,99551.4916,49775.7458,27143983.04405,168889,13571991.522025
2,Sequence,200000,23113320.96,115.5666,57.7833,276896.6005,4,276896.6005
2,Vector,20,526718.084,26335.9042,13167.9521,486028499.45057,1600000,486028499.45057
2,Hashmap,20,2058545.103,102927.25515,51463.62758,26253726.4407,168889,13126863.22035
3,Sequence,300000,37042737.95,123.47579,61.7379,259160.10887,4,259160.10887
3,Vector,30,1115651.954,37188.39847,18594.19923,344193364.80631,1600000,344193364.80631
3,Hashmap,30,2919162.177,97305.4059,48652.70295,27770543.42466,168889,13885271.71233
4,Sequence,400000,45779330.963,114.44833,57.22416,279602.16392,4,279602.16392
4,Vector,40,1879806.737,46995.16842,23497.58421,272368424.86111,1600000,272368424.86111
4,Hashmap,40,4216753.022,105418.82555,52709.41278,25633220.49835,168889,12816610.249175
5,Sequence,500000,57873167.893,115.74634,57.87317,276466.63527,4,276466.63527
5,Vector,50,2917199.771,58343.99542,29171.99771,219388471.90455,1600000,219388471.90455
5,Hashmap,50,5853840.09,117076.8018,58538.4009,23080780.80759,168889,11540390.403795
6,Sequence,600000,69347209.977,115.57868,57.78934,276867.66355,4,276867.66355
6,Vector,60,4449564.318,74159.4053,37079.70265,172601168.36455,1600000,172601168.36455
6,Hashmap,60,7891214.323,131520.23872,65760.11936,20546069.76362,168889,10273034.88181
7,Sequence,700000,80981295.032,115.68756,57.84378,276607.08551,4,276607.08551
7,Vector,70,5927038.628,84671.9804,42335.9902,151171614.73644,1600000,151171614.73644
7,Hashmap,70,10035100.835,143358.58336,71679.29168,18849405.01447,168889,9424702.507235
8,Sequence,800000,93946329.35,117.43291,58.71646,272496.01104,4,272496.01104
8,Vector,80,7580505.016,94756.3127,47378.15635,135083348.38361,1600000,135083348.38361
8,Hashmap,80,12580007.352,157250.0919,78625.04595,17184244.32921,168889,8592122.164605
9,Sequence,900000,101641524.295,112.93503,56.46751,283348.76124,4,283348.76124
9,Vector,90,9403814.97,104486.833,52243.4165,122503473.7152,1600000,122503473.7152
9,Hashmap,90,15705277.033,174503.07814,87251.53907,15485251.19862,168889,7742625.59931
10,Sequence,1000000,121486838.602,121.48684,60.74342,263403.01853,4,263403.01853
10,Vector,100,11566214.207,115662.14207,57831.07104,110667153.23544,1600000,110667153.23544
10,Hashmap,100,19567044.932,195670.44932,97835.22466,13810077.14446,168889,6905038.57223
1,Sequence,100000,9895854.882,98.95855,49.47927,323367.7169,4,323367.7169
1,Vector,10,143939.441,14393.9441,7196.97205,889262867.15258,1600000,889262867.15258
1,Hashmap,10,822149.802,82214.9802,41107.4901,32867781.43626,168889,16433890.71813
2,Sequence,200000,20354545.874,101.77273,50.88636,314426.07659,4,314426.07659
2,Vector,20,494138.033,24706.90165,12353.45083,518073863.78615,1600000,518073863.78615
2,Hashmap,20,1839036.034,91951.8017,45975.90085,29387395.897,168889,14693697.9485
3,Sequence,300000,31696919.631,105.6564,52.8282,302868.54722,4,302868.54722
3,Vector,30,1163580.835,38786.02783,19393.01392,330015748.32573,1600000,330015748.32573
3,Hashmap,30,2688452.419,89615.08063,44807.54032,30153674.8157,168889,15076837.40785
4,Sequence,400000,45165916.101,112.91479,56.4574,283399.54339,4,283399.54339
4,Vector,40,1965247.452,49131.1863,24565.59315,260526988.33368,1600000,260526988.33368
4,Hashmap,40,4083758.923,102093.97308,51046.98654,26468007.0587,168889,13234003.52935
5,Sequence,500000,53007209.682,106.01442,53.00721,301845.73185,4,301845.73185
5,Vector,50,3025888.154,60517.76308,30258.88154,211508148.1627,1600000,211508148.1627
5,Hashmap,50,5308949.368,106178.98736,53089.49368,25449705.88991,168889,12724852.944955
6,Sequence,600000,67859940.386,113.0999,56.54995,282935.7039,4,282935.7039
6,Vector,60,4469445.619,74490.76032,37245.38016,171833391.76008,1600000,171833391.76008
6,Hashmap,60,8742834,145713.9,72856.95,18544723.59878,168889,9272361.79939
7,Sequence,700000,84282722.388,120.40389,60.20194,265772.146,4,265772.146
7,Vector,70,5872232.057,83889.02939,41944.51469,152582525.91226,1600000,152582525.91226
7,Hashmap,70,10149041.48,144986.30686,72493.15343,18637787.65441,168889,9318893.827205
8,Sequence,800000,97497998.004,121.8725,60.93625,262569.49398,4,262569.49398
8,Vector,80,7617998.338,95224.97923,47612.48961,134418511.8671,1600000,134418511.8671
8,Hashmap,80,12475709.253,155946.36566,77973.18283,17327906.22289,168889,8663953.111445
9,Sequence,900000,108195885.038,120.21765,60.10883,266183.87557,4,266183.87557
9,Vector,90,9967581.258,110750.90287,55375.45143,115574678.56862,1600000,115574678.56862
9,Hashmap,90,15497506.585,172194.51761,86097.25881,15692857.34232,168889,7846428.67116
10,Sequence,1000000,117609090.008,117.60909,58.80455,272087.81224,4,272087.81224
10,Vector,100,12254130.97,122541.3097,61270.65485,104454571.53458,1600000,104454571.53458
10,Hashmap,100,18793989.64,187939.8964,93969.9482,14378128.60261,168889,7189064.301305
