NClients,Type,TotalCalls,Time,MicrosPerCall,Latency,Throughput
1,Sequence,1000,290943.13,290.943,145.4715,109987.18
1,Vector,1,46654.9,46654.9,23327.45,685887200
1,Hashmap,1,88903.59,88903.59,44451.797,160973470
2,Sequence,2000,627884.3,313.942,156.971,101929.66
2,Vector,2,151707.66,75853.83,37926.914,421864030
2,Hashmap,2,313568.3,156784.16,78392.08,91279120
3,Sequence,3000,938664.3,312.888,156.444,102273.016
3,Vector,3,333586.78,111195.6,55597.8,287781150
3,Hashmap,3,539309.44,179769.81,89884.91,79608024
4,Sequence,4000,1275588.1,318.89697,159.44849,100345.88
4,Vector,4,552632.75,138158.19,69079.09,231618560
4,Hashmap,4,806738.2,201684.55,100842.27,70957940
5,Sequence,5000,1630412.9,326.082,163.041,98134.83
5,Vector,5,838554.9,167710.97,83855.484,190804450
5,Hashmap,5,1168289.9,233657.97,116828.984,61248156
6,Sequence,6000,1913669.4,318.944,159.472,100331.09
6,Vector,6,1227461.5,204576.9,102288.45,156420380
6,Hashmap,6,1509235,251539.17,125769.586,56894200
7,Sequence,7000,2197949.3,313.992,156.996,101913.42
7,Vector,7,1572306.3,224615.19,112307.59,142465870
7,Hashmap,7,1781820.3,254545.75,127272.875,56222190
8,Sequence,8000,2690838.8,336.35397,168.17699,95137.87
8,Vector,8,2074203.3,259275.4,129637.7,123420890
8,Hashmap,8,2310420.3,288802.53,144401.27,49553304
9,Sequence,9000,3020079.3,335.564,167.782,95361.84
9,Vector,9,2590012.5,287779.2,143889.6,111196370
9,Hashmap,9,2843365.3,315929.47,157964.73,45298464
10,Sequence,10000,3320462,332.04602,166.02301,96372.19
10,Vector,10,3088290.8,308829.06,154414.53,103617190
10,Hashmap,10,3208340.5,320834.03,160417.02,44605988
1,Sequence,1000,296561,296.56097,148.28049,107903.61
1,Vector,1,49700.082,49700.082,24850.041,643862140
1,Hashmap,1,102284.12,102284.12,51142.06,139915360
2,Sequence,2000,623649.94,311.824,155.912,102621.99
2,Vector,2,154172.03,77086.016,38543.008,415120670
2,Hashmap,2,298315.72,149157.86,74578.93,95946136
3,Sequence,3000,915371.7,305.123,152.5615,104875.74
3,Vector,3,319869.72,106623.25,53311.625,300122180
3,Hashmap,3,512170.7,170723.58,85361.79,83826270
4,Sequence,4000,1230621.1,307.655,153.8275,104012.62
4,Vector,4,555570.8,138892.7,69446.35,230393660
4,Hashmap,4,844541.9,211135.47,105567.734,67781700
5,Sequence,5000,1624588.8,324.917,162.4585,98486.695
5,Vector,5,794501.3,158900.27,79450.13,201384200
5,Hashmap,5,1196363,239272.58,119636.29,59810948
6,Sequence,6000,1958693,326.448,163.224,98024.8
6,Vector,6,1187913.6,197985.61,98992.805,161627920
6,Hashmap,6,1389861.4,231643.56,115821.78,61780780
7,Sequence,7000,2226111.5,318.01498,159.00749,100624.19
7,Vector,7,1684273.9,240610.56,120305.28,132995000
7,Hashmap,7,1837860.4,262551.5,131275.75,54507860
8,Sequence,8000,2672254.8,334.031,167.0155,95799.49
8,Vector,8,2043939.1,255492.39,127746.195,125248350
8,Hashmap,8,2364695.8,295586.97,147793.48,48415936
9,Sequence,9000,3023186.3,335.909,167.9545,95263.9
9,Vector,9,2607376.5,289708.53,144854.27,110455850
9,Hashmap,9,2698199.8,299799.97,149899.98,47735560
10,Sequence,10000,3392018,339.20102,169.60051,94339.34
10,Vector,10,3232861,323286.13,161643.06,98983530
10,Hashmap,10,3356689.8,335668.94,167834.47,42634624
1,Sequence,1000,313699.47,313.699,156.8495,102008.61
1,Vector,1,48721.492,48721.492,24360.746,656794300
1,Hashmap,1,115756.99,115756.99,57878.496,123630720
2,Sequence,2000,619906.06,309.953,154.9765,103241.46
2,Vector,2,155190.67,77595.336,38797.668,412395900
2,Hashmap,2,284834.2,142417.1,71208.55,100487380
3,Sequence,3000,939773.94,313.25702,156.62851,102152.54
3,Vector,3,310953.13,103651.05,51825.523,308728200
3,Hashmap,3,600894.25,200298.08,100149.04,71449110
4,Sequence,4000,1286335.8,321.583,160.7915,99507.74
4,Vector,4,565234.75,141308.69,70654.34,226454580
4,Hashmap,4,798640.56,199660.14,99830.07,71677400
5,Sequence,5000,1604644.5,320.928,160.464,99710.836
5,Vector,5,830607.25,166121.45,83060.73,192630140
5,Hashmap,5,1021322.94,204264.61,102132.305,70061670
6,Sequence,6000,1979226,329.87,164.935,97007.914
6,Vector,6,1177469,196244.83,98122.414,163061620
6,Hashmap,6,1438536.1,239756.03,119878.016,59690344
7,Sequence,7000,2302741.5,328.963,164.4815,97275.375
7,Vector,7,1678256.5,239750.94,119875.47,133471850
7,Hashmap,7,1915137.3,273591.03,136795.52,52308436
8,Sequence,8000,2517604,314.7,157.35,101684.14
8,Vector,8,2066548.9,258318.61,129159.305,123878030
8,Hashmap,8,2255469.5,281933.7,140966.84,50760588
9,Sequence,9000,3014952,334.994,167.497,95524.1
9,Vector,9,2595700.8,288411.2,144205.6,110952696
9,Hashmap,9,2875190.3,319465.6,159732.8,44797060
10,Sequence,10000,3345488,334.548,167.274,95651.445
10,Vector,10,3257851,325785.1,162892.55,98224260
10,Hashmap,10,3304177,330417.7,165208.84,43312210
1,Sequence,1000,309792.97,309.792,154.896,103295.12
1,Vector,1,49049.836,49049.836,24524.918,652397700
1,Hashmap,1,114746.97,114746.97,57373.484,124718940
2,Sequence,2000,611254.4,305.627,152.8135,104702.79
2,Vector,2,170926.58,85463.29,42731.645,374429760
2,Hashmap,2,300556.34,150278.17,75139.086,95230860
3,Sequence,3000,934577.9,311.525,155.7625,102720.49
3,Vector,3,328527.03,109509.016,54754.508,292213380
3,Hashmap,3,544749.6,181583.2,90791.6,78813016
4,Sequence,4000,1286145.6,321.536,160.768,99522.29
4,Vector,4,522976.03,130744.01,65372.004,244753090
4,Hashmap,4,702272.06,175568.02,87784.01,81513256
5,Sequence,5000,1553864.5,310.772,155.386,102969.375
5,Vector,5,807835,161567,80783.5,198060240
5,Hashmap,5,1134060.6,226812.11,113406.055,63096810
6,Sequence,6000,1915899,319.31598,159.65799,100214.21
6,Vector,6,1191966.1,198661.03,99330.516,161078400
6,Hashmap,6,1562972.1,260495.33,130247.664,54938104
7,Sequence,7000,2289111.3,327.015,163.5075,97854.836
7,Vector,7,1570592.4,224370.34,112185.17,142621340
7,Hashmap,7,1939954.8,277136.38,138568.19,51639268
8,Sequence,8000,2619639.8,327.454,163.727,97723.65
8,Vector,8,2049692.6,256211.58,128105.79,124896776
8,Hashmap,8,2419844.5,302480.56,151240.28,47312530
9,Sequence,9000,2970677.5,330.075,165.0375,96947.664
9,Vector,9,2652607.5,294734.16,147367.08,108572424
9,Hashmap,9,2979651.3,331072.38,165536.19,43226564
10,Sequence,10000,3422576,342.257,171.1285,93496.99
10,Vector,10,3197444.3,319744.4,159872.2,100079940
10,Hashmap,10,3469141.3,346914.16,173457.08,41252628
1,Sequence,1000,302333.94,302.333,151.1665,105843.555
1,Vector,1,47541.84,47541.84,23770.92,673091300
1,Hashmap,1,106316.34,106316.34,53158.17,134608850
2,Sequence,2000,622510,311.254,155.627,102809.92
2,Vector,2,149701.1,74850.55,37425.273,427518600
2,Hashmap,2,284368.88,142184.44,71092.22,100651800
3,Sequence,3000,953269.44,317.756,158.878,100706.2
3,Vector,3,325764.97,108588.33,54294.164,294690980
3,Hashmap,3,539396.75,179798.9,89899.45,79595144
4,Sequence,4000,1255729.4,313.93198,156.96599,101932.91
4,Vector,4,578426.5,144606.63,72303.31,221290000
4,Hashmap,4,859246.25,214811.56,107405.78,66621740
5,Sequence,5000,1610422.9,322.084,161.042,99352.96
5,Vector,5,893622.9,178724.56,89362.28,179046460
5,Hashmap,5,943827.44,188765.52,94382.76,75814270
6,Sequence,6000,2005766.1,334.29398,167.14699,95724.125
6,Vector,6,1209174.4,201529.06,100764.53,158786030
6,Hashmap,6,1558059.8,259676.64,129838.32,55111310
7,Sequence,7000,2313504.8,330.5,165.25,96822.99
7,Vector,7,1642829.4,234689.94,117344.97,136350110
7,Hashmap,7,2015035.6,287862.25,143931.13,49715170
8,Sequence,8000,2582520.5,322.815,161.4075,99127.984
8,Vector,8,2169451.5,271181.44,135590.72,118002180
8,Hashmap,8,2260971.5,282621.47,141310.73,50637060
9,Sequence,9000,2998097,333.121,166.5605,96061.195
9,Vector,9,2696957.3,299661.94,149830.97,106787000
9,Hashmap,9,2981321.8,331257.97,165628.98,43202340
10,Sequence,10000,3370876.5,337.087,168.5435,94930.984
10,Vector,10,3331651.3,333165.1,166582.55,96048470
10,Hashmap,10,3393883.5,339388.34,169694.17,42167388
1,Sequence,1000,321385.94,321.385,160.6925,99569.05
1,Vector,1,46811.504,46811.504,23405.752,683592640
1,Hashmap,1,102594.77,102594.77,51297.387,139491710
2,Sequence,2000,621390.94,310.695,155.3475,102994.9
2,Vector,2,162727.6,81363.8,40681.9,393295300
2,Hashmap,2,264569.94,132284.97,66142.484,108184024
3,Sequence,3000,939358.25,313.119,156.5595,102197.56
3,Vector,3,345785.56,115261.85,57630.926,277628700
3,Hashmap,3,537840.4,179280.11,89640.055,79825470
4,Sequence,4000,1273362.5,318.34,159.17,100521.45
4,Vector,4,534139.8,133534.95,66767.48,239637630
4,Hashmap,4,794510.25,198627.56,99313.78,72050024
5,Sequence,5000,1608318.8,321.66302,160.83151,99482.99
5,Vector,5,832793.4,166558.67,83279.336,192124500
5,Hashmap,5,1165143.8,233028.73,116514.37,61413540
6,Sequence,6000,1957280.5,326.21298,163.10649,98095.42
6,Vector,6,1198023,199670.5,99835.25,160264050
6,Hashmap,6,1484027.9,247337.98,123668.99,57860584
7,Sequence,7000,2296034.3,328.004,164.002,97559.78
7,Vector,7,1620100.4,231442.9,115721.45,138263040
7,Hashmap,7,1906305.4,272329.34,136164.67,52550784
8,Sequence,8000,2674852.3,334.35602,167.17801,95706.37
8,Vector,8,2129172.5,266146.56,133073.28,120234504
8,Hashmap,8,2334732.5,291841.56,145920.78,49037292
9,Sequence,9000,2943175.3,327.01898,163.50949,97853.64
9,Vector,9,2667165.5,296351.7,148175.84,107979810
9,Hashmap,9,2830899.8,314544.38,157272.19,45497936
10,Sequence,10000,3466151.5,346.61502,173.30751,92321.45
10,Vector,10,3163274,316327.4,158163.7,101161016
10,Hashmap,10,3508545.5,350854.53,175427.27,40789324
1,Sequence,1000,310203,310.20203,155.10101,103158.586
1,Vector,1,48993.816,48993.816,24496.908,653143700
1,Hashmap,1,111996.77,111996.77,55998.387,127781544
2,Sequence,2000,617823.25,308.911,154.4555,103589.71
2,Vector,2,149636.63,74818.31,37409.156,427702800
2,Hashmap,2,308317.38,154158.69,77079.34,92833700
3,Sequence,3000,951789.06,317.263,158.6315,100862.69
3,Vector,3,306420.56,102140.195,51070.098,313294880
3,Hashmap,3,511569.16,170523.05,85261.52,83924840
4,Sequence,4000,1294640.9,323.66,161.83,98869.18
4,Vector,4,537260.56,134315.14,67157.57,238245680
4,Hashmap,4,891333.25,222833.31,111416.66,64223430
5,Sequence,5000,1628947.3,325.789,162.8945,98223.08
5,Vector,5,834097.44,166819.48,83409.74,191824110
5,Hashmap,5,1085407.8,217081.55,108540.77,65925090
6,Sequence,6000,1937147.6,322.857,161.4285,99115.086
6,Vector,6,1146829.1,191138.19,95569.09,167418140
6,Hashmap,6,1378536.1,229756.02,114878.01,62288336
7,Sequence,7000,2343629,334.80402,167.40201,95578.305
7,Vector,7,1588769.4,226967.03,113483.516,140989630
7,Hashmap,7,1668244.9,238320.69,119160.34,60049844
8,Sequence,8000,2632559.8,329.069,164.5345,97244.04
8,Vector,8,2136366.3,267045.78,133522.89,119829650
8,Hashmap,8,2502844,312855.5,156427.75,45743544
9,Sequence,9000,3036699.3,337.411,168.7055,94839.82
9,Vector,9,2559645,284405,142202.5,112515610
9,Hashmap,9,2742681,304742.34,152371.17,46961376
10,Sequence,10000,3299977.8,329.997,164.9985,96970.58
10,Vector,10,3241146,324114.6,162057.3,98730510
10,Hashmap,10,3250566.8,325056.7,162528.34,44026540
1,Sequence,1000,304293.47,304.293,152.1465,105161.8
1,Vector,1,48090.066,48090.066,24045.033,665418100
1,Hashmap,1,100547.87,100547.87,50273.934,142331410
2,Sequence,2000,612607.25,306.303,153.1515,104471.72
2,Vector,2,156135.38,78067.69,39033.844,409900700
2,Hashmap,2,310784.38,155392.19,77696.09,92096780
3,Sequence,3000,947917.2,315.972,157.986,101274.8
3,Vector,3,310288.38,103429.46,51714.73,309389600
3,Hashmap,3,586727.44,195575.81,97787.91,73174280
4,Sequence,4000,1300791,325.197,162.5985,98401.89
4,Vector,4,544535.5,136133.88,68066.94,235062720
4,Hashmap,4,721740.4,180435.1,90217.55,79314504
5,Sequence,5000,1604349.4,320.869,160.4345,99729.17
5,Vector,5,838104.1,167620.84,83810.42,190907060
5,Hashmap,5,986092.3,197218.48,98609.24,72564800
6,Sequence,6000,1976459.9,329.409,164.7045,97143.67
6,Vector,6,1184656.5,197442.75,98721.375,162072290
6,Hashmap,6,1512596.9,252099.48,126049.74,56767748
7,Sequence,7000,2295216.5,327.888,163.944,97594.3
7,Vector,7,1671275.4,238753.63,119376.81,134029380
7,Hashmap,7,2021619.8,288802.8,144401.4,49553260
8,Sequence,8000,2659011,332.37598,166.18799,96276.51
8,Vector,8,2049435.4,256179.42,128089.71,124912456
8,Hashmap,8,2538152.5,317269.06,158634.53,45107204
9,Sequence,9000,2994476.3,332.719,166.3595,96177.25
9,Vector,9,2699666.5,299962.94,149981.47,106679850
9,Hashmap,9,2788110.5,309790.03,154895.02,46196190
10,Sequence,10000,3351876.3,335.187,167.5935,95469.09
10,Vector,10,3010564.3,301056.44,150528.22,106292360
10,Hashmap,10,3513816.3,351381.63,175690.81,40728140
1,Sequence,1000,291767.94,291.767,145.8835,109676.555
1,Vector,1,48101.84,48101.84,24050.92,665255230
1,Hashmap,1,90052.125,90052.125,45026.063,158920400
2,Sequence,2000,627451.7,313.725,156.8625,102000.16
2,Vector,2,151307.92,75653.96,37826.98,422978500
2,Hashmap,2,279702.22,139851.11,69925.555,102331120
3,Sequence,3000,949319.9,316.439,158.2195,101125.336
3,Vector,3,301657.22,100552.41,50276.203,318242000
3,Hashmap,3,505136.9,168378.98,84189.49,84993500
4,Sequence,4000,1265256,316.314,158.157,101165.3
4,Vector,4,546010.4,136502.6,68251.3,234427780
4,Hashmap,4,801788.1,200447.03,100223.516,71396020
5,Sequence,5000,1612078,322.415,161.2075,99250.97
5,Vector,5,855179.06,171035.81,85517.91,187095330
5,Hashmap,5,1096122.3,219224.45,109612.23,65280670
6,Sequence,6000,1904772.3,317.462,158.731,100799.47
6,Vector,6,1177315.4,196219.23,98109.62,163082900
6,Hashmap,6,1353290.6,225548.45,112774.23,63450316
7,Sequence,7000,2288924,326.98898,163.49449,97862.625
7,Vector,7,1621361.6,231623.08,115811.54,138155490
7,Hashmap,7,1907882.9,272554.7,136277.34,52507332
8,Sequence,8000,2643436.5,330.429,165.2145,96843.8
8,Vector,8,2065459.5,258182.44,129091.22,123943370
8,Hashmap,8,2275850.5,284481.3,142240.66,50306012
9,Sequence,9000,2947839.8,327.53702,163.76851,97698.88
9,Vector,9,2718969,302107.7,151053.84,105922500
9,Hashmap,9,3037369,337485.44,168742.72,42405148
10,Sequence,10000,3378445.3,337.844,168.922,94718.27
10,Vector,10,3369060.5,336906.03,168453.02,94981970
10,Hashmap,10,3396351.3,339635.13,169817.56,42136748
1,Sequence,1000,299475.13,299.475,149.7375,106853.66
1,Vector,1,48349.574,48349.574,24174.787,661846600
1,Hashmap,1,100911.555,100911.555,50455.777,141818450
2,Sequence,2000,610830.06,305.41498,152.70749,104775.48
2,Vector,2,153483.98,76741.99,38370.996,416981600
2,Hashmap,2,295495.56,147747.78,73873.89,96861820
3,Sequence,3000,944643.2,314.881,157.4405,101625.695
3,Vector,3,318855.4,106285.125,53142.563,301076930
3,Hashmap,3,499763.8,166587.94,83293.97,85907304
4,Sequence,4000,1269575.1,317.39297,158.69649,100821.38
4,Vector,4,527164.44,131791.11,65895.555,242808480
4,Hashmap,4,862778.6,215694.66,107847.33,66348980
5,Sequence,5000,1594761.6,318.952,159.476,100328.58
5,Vector,5,847437.3,169487.47,84743.734,188804530
5,Hashmap,5,977690.75,195538.16,97769.08,73188376
6,Sequence,6000,1909955.8,318.325,159.1625,100526.19
6,Vector,6,1215286.5,202547.77,101273.88,157987420
6,Hashmap,6,1482490.1,247081.69,123540.84,57920604
7,Sequence,7000,2268936,324.133,162.0665,98724.91
7,Vector,7,1536433.9,219490.55,109745.27,145792160
7,Hashmap,7,2054236.4,293462.34,146731.17,48766464
8,Sequence,8000,2601908.8,325.238,162.619,98389.484
8,Vector,8,2183173.3,272896.66,136448.33,117260510
8,Hashmap,8,2121748,265218.47,132609.23,53959740
9,Sequence,9000,2991846.5,332.427,166.2135,96261.734
9,Vector,9,2697980.3,299775.56,149887.78,106746520
9,Hashmap,9,3055205.8,339467.3,169733.66,42157580
10,Sequence,10000,3364819.5,336.481,168.2405,95101.95
10,Vector,10,3325828.8,332582.9,166291.45,96216616
10,Hashmap,10,3305195.3,330519.53,165259.77,43298864
